{
  "pixels": {
    "width": 2048,
    "height": 1469,
    "png_mode_before": "RGBA"
  },
  "utm_m": {
    "west": 599804.0000333333,
    "south": 6600619.058300001,
    "east": 601971.4666999993,
    "north": 6602173.749966667
  },
  "wgs84": {
    "sw": [
      59.53201150450116,
      10.764592376097804
    ],
    "ne": [
      59.54544337242526,
      10.803638250791948
    ]
  }
}